{"train/train_loss": 0.03208334743976593, "train/epoch": 10.0, "train/example_ct": 120000, "_timestamp": 1710214226.9277568, "_runtime": 77.06416487693787, "_step": 939, "val/val_loss": 0.1599189043045044, "val/val_accuracy": 0.9485, "predictions_table": {"_type": "table-file", "sha256": "0c67a0a3153c9b2994461b4cf928d14d783d1c4f850d678c9fd909df22d609ac", "size": 62859, "artifact_path": "wandb-client-artifact://p01s8cq5qarirjlpvckekw36tvl21pgm44lto37u59zzkp3octk3nrjt6pjaj3pyvwsih3en44degldsie73bxsedniwi5jwq6blx079kb4ug5w0bvkb9j26z4tmc7cl:latest/predictions_table.table.json", "_latest_artifact_path": "wandb-client-artifact://p01s8cq5qarirjlpvckekw36tvl21pgm44lto37u59zzkp3octk3nrjt6pjaj3pyvwsih3en44degldsie73bxsedniwi5jwq6blx079kb4ug5w0bvkb9j26z4tmc7cl:latest/predictions_table.table.json", "path": "media/table/predictions_table_939_0c67a0a3153c9b299446.table.json", "ncols": 13, "nrows": 256}, "test_accuracy": 0.8, "_wandb": {"runtime": 74}}