{"acc": 0.8273192920730186, "loss": 0.1744677789289259, "_timestamp": 1710208619.7119954, "_runtime": 13.440842390060425, "_step": 7, "_wandb": {"runtime": 10}}