{"Accuracy": 0.25, "_timestamp": 1710224379.8638542, "_runtime": 14.235807180404663, "_step": 18, "_wandb": {"runtime": 10}}