{"acc": 0.816706184846487, "loss": 0.1506724192176576, "_timestamp": 1710208582.2859955, "_runtime": 11.587100505828857, "_step": 7, "_wandb": {"runtime": 9}}