{"train/train_loss": 0.2149055153131485, "train/epoch": 10.0, "train/example_ct": 120000, "_timestamp": 1710214729.7182045, "_runtime": 80.15525341033936, "_step": 939, "val/val_loss": 0.18022526800632477, "val/val_accuracy": 0.9455, "predictions_table": {"_type": "table-file", "sha256": "19a178d7f188a0500557d4045498f710c71365291310a00f38c49834316a5925", "size": 62731, "artifact_path": "wandb-client-artifact://v6wphuth6qei1efbcveani194cfz41qlazjbw19ephzhmzltxm8am2qctct5joomo06orpgf7ugvet4o1ckpxi7xivo93190wfwn7cafdg110bk5uswvhd0hp5lh26f6:latest/predictions_table.table.json", "_latest_artifact_path": "wandb-client-artifact://v6wphuth6qei1efbcveani194cfz41qlazjbw19ephzhmzltxm8am2qctct5joomo06orpgf7ugvet4o1ckpxi7xivo93190wfwn7cafdg110bk5uswvhd0hp5lh26f6:latest/predictions_table.table.json", "path": "media/table/predictions_table_939_19a178d7f188a0500557.table.json", "ncols": 13, "nrows": 256}, "test_accuracy": 0.8, "_wandb": {"runtime": 73}}