{"acc": 0.8703560159615256, "loss": 0.14142019534890277, "_timestamp": 1710208564.5741067, "_runtime": 11.691063642501831, "_step": 7, "_wandb": {"runtime": 9}}