{"Accuracy": 0.143, "_timestamp": 1710224048.0668845, "_runtime": 12.186399459838867, "_step": 9, "_wandb": {"runtime": 9}}