{"train/train_loss": 0.07547654211521149, "train/epoch": 10.0, "train/example_ct": 120000, "_timestamp": 1710214012.5972052, "_runtime": 92.30234813690186, "_step": 939, "val/val_loss": 0.16019444167613983, "val/val_accuracy": 0.9495, "predictions_table": {"_type": "table-file", "sha256": "f6aa166650b3972ff154012c261ec5d4d6fc218896e9b4cf91e8216a519ab1a0", "size": 62843, "artifact_path": "wandb-client-artifact://jhas6rnp7sb6p53zxz0s3e3517f1kp1n7i2k6h606tetz42ml2tgowwryss4ykuivbvvmgfue5p4dqumv3wmbd0o82t30cki96t2uwvuzx02qxuq0bszi5ln8p98o7gx:latest/predictions_table.table.json", "_latest_artifact_path": "wandb-client-artifact://jhas6rnp7sb6p53zxz0s3e3517f1kp1n7i2k6h606tetz42ml2tgowwryss4ykuivbvvmgfue5p4dqumv3wmbd0o82t30cki96t2uwvuzx02qxuq0bszi5ln8p98o7gx:latest/predictions_table.table.json", "path": "media/table/predictions_table_939_f6aa166650b3972ff154.table.json", "ncols": 13, "nrows": 256}, "test_accuracy": 0.8, "_wandb": {"runtime": 90}}