{"train/train_loss": 0.07428920269012451, "train/epoch": 10.0, "train/example_ct": 120000, "_timestamp": 1710214940.2509985, "_runtime": 75.5081434249878, "_step": 939, "val/val_loss": 0.16945549845695496, "val/val_accuracy": 0.947, "predictions_table": {"_type": "table-file", "sha256": "eff0afb504231b72459f6c2698fd4e1efd5ef0aa4e736d2b8137131bc778c5ec", "size": 62773, "artifact_path": "wandb-client-artifact://kpn944f0g68hyj7xjb9nla439zhe318lvuepymcc5ogkgpaj4pk4e8o8p6fjbsl1e7r7j73lc5m2kjzstx8xf624jgm7ddl52y3ffb5rcbsxyqx8s1573t0nz4b9wxwt:latest/predictions_table.table.json", "_latest_artifact_path": "wandb-client-artifact://kpn944f0g68hyj7xjb9nla439zhe318lvuepymcc5ogkgpaj4pk4e8o8p6fjbsl1e7r7j73lc5m2kjzstx8xf624jgm7ddl52y3ffb5rcbsxyqx8s1573t0nz4b9wxwt:latest/predictions_table.table.json", "path": "media/table/predictions_table_939_eff0afb504231b72459f.table.json", "ncols": 13, "nrows": 256}, "test_accuracy": 0.8, "_wandb": {"runtime": 70}}