{"acc": 0.78340492145634, "loss": 0.29692007851522206, "_timestamp": 1710208601.1745298, "_runtime": 13.802929878234863, "_step": 7, "_wandb": {"runtime": 11}}