{"acc": 0.8757373213608444, "loss": 0.04194790423269542, "_timestamp": 1710208638.3715484, "_runtime": 13.345651388168335, "_step": 7, "_wandb": {"runtime": 10}}